start_id,end_id,relationship_type,direction
UBERON:0000966,7582,expresses,both
UBERON:0000966,11345,expresses,both
UBERON:0000966,9848,expresses,both
UBERON:0000966,3712,expresses,both
UBERON:0000966,79171,expresses,both
UBERON:0000966,7110,expresses,both
UBERON:0000966,4122,expresses,both
UBERON:0000966,7570,expresses,both
UBERON:0000966,55959,expresses,both
UBERON:0000966,1114,expresses,both
UBERON:0000966,54566,expresses,both
UBERON:0000966,10140,expresses,both
UBERON:0000966,339983,expresses,both
UBERON:0000966,1267,expresses,both
UBERON:0000966,23272,expresses,both
UBERON:0000966,267,expresses,both
UBERON:0000966,51592,expresses,both
UBERON:0000966,9325,expresses,both
UBERON:0000966,23603,expresses,both
UBERON:0000966,64110,expresses,both
UBERON:0000966,28988,expresses,both
UBERON:0000966,4345,expresses,both
UBERON:0000966,5919,expresses,both
UBERON:0000966,10745,expresses,both
UBERON:0000966,9255,expresses,both
UBERON:0000966,57510,expresses,both
UBERON:0000966,79837,expresses,both
UBERON:0000966,23327,expresses,both
UBERON:0000966,29105,expresses,both
UBERON:0000966,10890,expresses,both
UBERON:0000966,25792,expresses,both
UBERON:0000966,55250,expresses,both
UBERON:0000966,51287,expresses,both
UBERON:0000966,1499,expresses,both
UBERON:0000966,25852,expresses,both
UBERON:0000966,10461,expresses,both
UBERON:0000966,10776,expresses,both
UBERON:0000966,64781,expresses,both
UBERON:0000966,1036,expresses,both
UBERON:0000966,23568,expresses,both
UBERON:0000966,29965,expresses,both
UBERON:0000966,64682,expresses,both
UBERON:0000966,2023,expresses,both
UBERON:0000966,10982,expresses,both
UBERON:0000966,9185,expresses,both
UBERON:0000966,23515,expresses,both
UBERON:0000966,140467,expresses,both
UBERON:0000966,100529261,expresses,both
UBERON:0000966,7320,expresses,both
UBERON:0000966,57706,expresses,both
UBERON:0000966,347733,expresses,both
UBERON:0000966,9640,expresses,both
UBERON:0000966,7037,expresses,both
UBERON:0000966,65220,expresses,both
UBERON:0000966,79960,expresses,both
UBERON:0000966,152330,expresses,both
UBERON:0000966,55032,expresses,both
UBERON:0000966,5905,expresses,both
UBERON:0000966,23303,expresses,both
UBERON:0000966,1434,expresses,both
UBERON:0000966,55367,expresses,both
UBERON:0000966,89910,expresses,both
UBERON:0000966,26999,expresses,both
UBERON:0000966,54606,expresses,both
UBERON:0000966,4172,expresses,both
UBERON:0000966,9249,expresses,both
UBERON:0000966,132160,expresses,both
UBERON:0000966,7533,expresses,both
UBERON:0000966,51073,expresses,both
UBERON:0000966,55602,expresses,both
UBERON:0000966,4358,expresses,both
UBERON:0000966,6456,expresses,both
UBERON:0000966,10152,expresses,both
UBERON:0000966,6584,expresses,both
UBERON:0000966,10522,expresses,both
UBERON:0000966,66036,expresses,both
UBERON:0000966,1400,expresses,both
UBERON:0000966,84232,expresses,both
UBERON:0000966,29994,expresses,both
UBERON:0000966,4139,expresses,both
UBERON:0000966,6901,expresses,both
UBERON:0000966,5681,expresses,both
UBERON:0000966,57147,expresses,both
UBERON:0000966,83988,expresses,both
UBERON:0000966,9332,expresses,both
UBERON:0000966,22926,expresses,both
UBERON:0000966,7342,expresses,both
UBERON:0000966,10066,expresses,both
UBERON:0000966,25972,expresses,both
UBERON:0000966,7128,expresses,both
UBERON:0000966,8411,expresses,both
UBERON:0000966,26254,expresses,both
UBERON:0000966,9921,expresses,both
UBERON:0000966,4719,expresses,both
UBERON:0000966,406,expresses,both
UBERON:0000966,9145,expresses,both
UBERON:0000966,7415,expresses,both
UBERON:0000966,8649,expresses,both
UBERON:0000966,27348,expresses,both
UBERON:0000966,3164,expresses,both
UBERON:0000966,23022,expresses,both
UBERON:0000966,65056,expresses,both
UBERON:0000966,57142,expresses,both
UBERON:0000966,8314,expresses,both
UBERON:0000966,84265,expresses,both
UBERON:0000966,53343,expresses,both
UBERON:0000966,140885,expresses,both
UBERON:0000966,90550,expresses,both
UBERON:0000966,387715,expresses,both
UBERON:0000966,5549,expresses,both
UBERON:0000966,57805,expresses,both
UBERON:0000966,5376,expresses,both
UBERON:0000966,11252,expresses,both
UBERON:0000966,1362,expresses,both
UBERON:0000966,93974,expresses,both
UBERON:0000966,57680,expresses,both
UBERON:0000966,5577,expresses,both
UBERON:0000966,84063,expresses,both
UBERON:0000966,6252,expresses,both
UBERON:0000966,51071,expresses,both
UBERON:0000966,10927,expresses,both
UBERON:0000966,8930,expresses,both
UBERON:0000966,2960,expresses,both
UBERON:0000966,55054,expresses,both
UBERON:0000966,1108,expresses,both
UBERON:0000966,1513,expresses,both
UBERON:0000966,100532726,expresses,both
UBERON:0000966,811,expresses,both
UBERON:0000966,7248,expresses,both
UBERON:0000966,1345,expresses,both
UBERON:0000966,84823,expresses,both
UBERON:0000966,2487,expresses,both
UBERON:0000966,6745,expresses,both
UBERON:0000966,51304,expresses,both
UBERON:0000966,55093,expresses,both
UBERON:0000966,3920,expresses,both
UBERON:0000966,285672,expresses,both
UBERON:0000966,9227,expresses,both
UBERON:0000966,128344,expresses,both
UBERON:0000966,29980,expresses,both
UBERON:0000966,54951,expresses,both
UBERON:0000966,90139,expresses,both
UBERON:0000966,2664,expresses,both
UBERON:0000966,6137,expresses,both
UBERON:0000966,6651,expresses,both
UBERON:0000966,79901,expresses,both
UBERON:0000966,27032,expresses,both
UBERON:0000966,6233,expresses,both
UBERON:0000966,81,expresses,both
UBERON:0000966,11313,expresses,both
UBERON:0000966,54904,expresses,both
UBERON:0000966,55179,expresses,both
UBERON:0000966,147923,expresses,both
UBERON:0000966,79753,expresses,both
UBERON:0000966,51318,expresses,both
UBERON:0000966,56963,expresses,both
UBERON:0000966,8266,expresses,both
UBERON:0000966,4601,expresses,both
UBERON:0000966,5862,expresses,both
UBERON:0000966,5704,expresses,both
UBERON:0000966,84466,expresses,both
UBERON:0000966,29015,expresses,both
UBERON:0000966,1500,expresses,both
UBERON:0000966,3476,expresses,both
UBERON:0000966,25793,expresses,both
UBERON:0000966,10250,expresses,both
UBERON:0000966,65003,expresses,both
UBERON:0000966,3265,expresses,both
UBERON:0000966,10443,expresses,both
UBERON:0000966,29072,expresses,both
UBERON:0000966,6616,expresses,both
UBERON:0000966,79666,expresses,both
UBERON:0000966,5164,expresses,both
UBERON:0000966,133746,expresses,both
UBERON:0000966,1121,expresses,both
UBERON:0000966,9445,expresses,both
UBERON:0000966,5921,expresses,both
UBERON:0000966,84896,expresses,both
UBERON:0000966,54764,expresses,both
UBERON:0000966,3320,expresses,both
UBERON:0000966,79739,expresses,both
UBERON:0000966,84752,expresses,both
UBERON:0000966,6430,expresses,both
UBERON:0000966,29093,expresses,both
UBERON:0000966,710,expresses,both
UBERON:0000966,55638,expresses,both
UBERON:0000966,59349,expresses,both
UBERON:0000966,6498,expresses,both
UBERON:0000966,382,expresses,both
UBERON:0000966,7593,expresses,both
UBERON:0000966,4329,expresses,both
UBERON:0000966,57731,expresses,both
UBERON:0000966,10318,expresses,both
UBERON:0000966,22982,expresses,both
UBERON:0000966,1173,expresses,both
UBERON:0000966,57050,expresses,both
UBERON:0000966,27069,expresses,both
UBERON:0000966,79071,expresses,both
UBERON:0000966,7322,expresses,both
UBERON:0000966,55658,expresses,both
UBERON:0000966,57468,expresses,both
UBERON:0000966,5037,expresses,both
UBERON:0000966,3490,expresses,both
UBERON:0000966,55319,expresses,both
UBERON:0000966,25976,expresses,both
UBERON:0000966,307,expresses,both
UBERON:0000966,26154,expresses,both
UBERON:0000966,57605,expresses,both
UBERON:0000966,79792,expresses,both
UBERON:0000966,51714,expresses,both
UBERON:0000966,9044,expresses,both
UBERON:0000966,60412,expresses,both
UBERON:0000966,55770,expresses,both
UBERON:0000966,9587,expresses,both
UBERON:0000966,286148,expresses,both
UBERON:0000966,4728,expresses,both
UBERON:0000966,3708,expresses,both
UBERON:0000966,11059,expresses,both
UBERON:0000966,23503,expresses,both
UBERON:0000966,80006,expresses,both
UBERON:0000966,55716,expresses,both
UBERON:0000966,160,expresses,both
UBERON:0000966,54981,expresses,both
UBERON:0000966,9581,expresses,both
UBERON:0000966,10363,expresses,both
UBERON:0000966,6217,expresses,both
UBERON:0000966,6000,expresses,both
UBERON:0000966,219333,expresses,both
UBERON:0000966,6431,expresses,both
UBERON:0000966,840,expresses,both
UBERON:0000966,6229,expresses,both
UBERON:0000966,4763,expresses,both
UBERON:0000966,25977,expresses,both
UBERON:0000966,5962,expresses,both
UBERON:0000966,6446,expresses,both
UBERON:0000966,4076,expresses,both
UBERON:0000966,10147,expresses,both
UBERON:0000966,5360,expresses,both
UBERON:0000966,1307,expresses,both
UBERON:0000966,5018,expresses,both
UBERON:0000966,91181,expresses,both
UBERON:0000966,93100,expresses,both
UBERON:0000966,339451,expresses,both
UBERON:0000966,93487,expresses,both
UBERON:0000966,26090,expresses,both
UBERON:0000966,152926,expresses,both
UBERON:0000966,29115,expresses,both
UBERON:0000966,361,expresses,both
UBERON:0000966,84128,expresses,both
UBERON:0000966,84926,expresses,both
UBERON:0000966,6764,expresses,both
UBERON:0000966,5827,expresses,both
UBERON:0000966,22921,expresses,both
UBERON:0000966,84302,expresses,both
UBERON:0000966,339324,expresses,both
UBERON:0000966,5836,expresses,both
UBERON:0000966,56998,expresses,both
UBERON:0000966,7060,expresses,both
UBERON:0000966,23286,expresses,both
UBERON:0000966,9925,expresses,both
UBERON:0000966,55643,expresses,both
UBERON:0000966,63915,expresses,both
UBERON:0000966,526,expresses,both
UBERON:0000966,10725,expresses,both
UBERON:0000966,10254,expresses,both
UBERON:0000966,5334,expresses,both
UBERON:0000966,1740,expresses,both
UBERON:0000966,131890,expresses,both
UBERON:0000966,80298,expresses,both
UBERON:0000966,719,expresses,both
UBERON:0000966,4052,expresses,both
UBERON:0000966,23510,expresses,both
UBERON:0000966,90506,expresses,both
UBERON:0000966,8569,expresses,both
UBERON:0000966,51501,expresses,both
UBERON:0000966,8722,expresses,both
UBERON:0000966,26160,expresses,both
UBERON:0000966,6207,expresses,both
UBERON:0000966,4946,expresses,both
UBERON:0000966,375790,expresses,both
UBERON:0000966,125488,expresses,both
UBERON:0000966,8871,expresses,both
UBERON:0000966,8545,expresses,both
UBERON:0000966,29926,expresses,both
UBERON:0000966,6533,expresses,both
UBERON:0000966,3099,expresses,both
UBERON:0000966,666,expresses,both
UBERON:0000966,51031,expresses,both
UBERON:0000966,8287,expresses,both
UBERON:0000966,491,expresses,both
UBERON:0000966,10397,expresses,both
UBERON:0000966,93973,expresses,both
UBERON:0000966,2615,expresses,both
UBERON:0000966,137492,expresses,both
UBERON:0000966,26503,expresses,both
UBERON:0000966,9588,expresses,both
UBERON:0000966,9926,expresses,both
UBERON:0000966,567,expresses,both
UBERON:0000966,2258,expresses,both
UBERON:0000966,9132,expresses,both
UBERON:0000966,55120,expresses,both
UBERON:0000966,3707,expresses,both
UBERON:0000966,5629,expresses,both
UBERON:0000966,90871,expresses,both
UBERON:0000966,9895,expresses,both
UBERON:0000966,55611,expresses,both
UBERON:0000966,8502,expresses,both
UBERON:0000966,134359,expresses,both
UBERON:0000966,93627,expresses,both
UBERON:0000966,78987,expresses,both
UBERON:0000966,220002,expresses,both
UBERON:0000966,83939,expresses,both
UBERON:0000966,56252,expresses,both
UBERON:0000966,116988,expresses,both
DOID:9352,UBERON:0000966,localizes,both
UBERON:0000966,4048,expresses,both
UBERON:0000966,1353,expresses,both
UBERON:0000966,2339,expresses,both
UBERON:0000966,4691,expresses,both
UBERON:0000966,51449,expresses,both
UBERON:0000966,10873,expresses,both
UBERON:0000966,23250,expresses,both
UBERON:0000966,4753,expresses,both
UBERON:0000966,10527,expresses,both
UBERON:0000966,22938,expresses,both
UBERON:0000966,493856,expresses,both
UBERON:0000966,4851,expresses,both
UBERON:0000966,5822,expresses,both
UBERON:0000966,50640,expresses,both
UBERON:0000966,994,expresses,both
UBERON:0000966,6560,expresses,both
UBERON:0000966,51123,expresses,both
UBERON:0000966,55234,expresses,both
UBERON:0000966,80256,expresses,both
UBERON:0000966,11014,expresses,both
UBERON:0000966,10111,expresses,both
UBERON:0000966,80347,expresses,both
UBERON:0000966,55914,expresses,both
UBERON:0000966,9652,expresses,both
UBERON:0000966,54956,expresses,both
UBERON:0000966,10766,expresses,both
UBERON:0000966,547,expresses,both
UBERON:0000966,7059,expresses,both
UBERON:0000966,11137,expresses,both
UBERON:0000966,64218,expresses,both
UBERON:0000966,288,expresses,both
UBERON:0000966,1889,expresses,both
UBERON:0000966,57179,expresses,both
UBERON:0000966,8467,expresses,both
UBERON:0000966,10488,expresses,both
UBERON:0000966,55929,expresses,both
UBERON:0000966,6095,expresses,both
UBERON:0000966,1381,expresses,both
UBERON:0000966,5798,expresses,both
UBERON:0000966,90736,expresses,both
UBERON:0000966,1019,expresses,both
UBERON:0000966,114801,expresses,both
UBERON:0000966,112869,expresses,both
UBERON:0000966,54069,expresses,both
UBERON:0000966,3146,expresses,both
UBERON:0000966,7855,expresses,both
UBERON:0000966,5504,expresses,both
UBERON:0000966,390595,expresses,both
UBERON:0000966,10586,expresses,both
UBERON:0000966,84978,expresses,both
UBERON:0000966,57030,expresses,both
UBERON:0000966,7936,expresses,both
UBERON:0000966,284443,expresses,both
UBERON:0000966,10072,expresses,both
UBERON:0000966,113878,expresses,both
UBERON:0000966,10076,expresses,both
UBERON:0000966,55251,expresses,both
UBERON:0000966,10640,expresses,both
UBERON:0000966,25917,expresses,both
UBERON:0000966,11171,expresses,both
UBERON:0000966,25921,expresses,both
UBERON:0000966,4881,expresses,both
UBERON:0000966,9,expresses,both
UBERON:0000966,79600,expresses,both
UBERON:0000966,129401,expresses,both
UBERON:0000966,8455,expresses,both
UBERON:0000966,7175,expresses,both
UBERON:0000966,4133,expresses,both
UBERON:0000966,55692,expresses,both
UBERON:0000966,50,expresses,both
UBERON:0000966,4016,expresses,both
UBERON:0000966,23660,expresses,both
UBERON:0000966,151126,expresses,both
UBERON:0000966,23277,expresses,both
UBERON:0000966,64849,expresses,both
UBERON:0000966,340277,expresses,both
UBERON:0000966,25,expresses,both
UBERON:0000966,57533,expresses,both
UBERON:0000966,7025,expresses,both
UBERON:0000966,51524,expresses,both
UBERON:0000966,9572,expresses,both
UBERON:0000966,23336,expresses,both
UBERON:0000966,9931,expresses,both
UBERON:0000966,57010,expresses,both
UBERON:0000966,153527,expresses,both
UBERON:0000966,55717,expresses,both
UBERON:0000966,1185,expresses,both
UBERON:0000966,6414,expresses,both
UBERON:0000966,7089,expresses,both
UBERON:0000966,11340,expresses,both
UBERON:0000966,4541,expresses,both
UBERON:0000966,22864,expresses,both
UBERON:0000966,7862,expresses,both
UBERON:0000966,10946,expresses,both
UBERON:0000966,54855,expresses,both
UBERON:0000966,124995,expresses,both
UBERON:0000966,1027,expresses,both
UBERON:0000966,9878,expresses,both
UBERON:0000966,10482,expresses,both
UBERON:0000966,4036,expresses,both
UBERON:0000966,2355,expresses,both
UBERON:0000966,4236,expresses,both
UBERON:0000966,3074,expresses,both
UBERON:0000966,51234,expresses,both
UBERON:0000966,8527,expresses,both
UBERON:0000966,3020,expresses,both
UBERON:0000966,84256,expresses,both
UBERON:0000966,54849,expresses,both
UBERON:0000966,64771,expresses,both
UBERON:0000966,203197,expresses,both
UBERON:0000966,84364,expresses,both
UBERON:0000966,51646,expresses,both
UBERON:0000966,6696,expresses,both
UBERON:0000966,79145,expresses,both
UBERON:0000966,9320,expresses,both
UBERON:0000966,2533,expresses,both
UBERON:0000966,55201,expresses,both
UBERON:0000966,84966,expresses,both
UBERON:0000966,9338,expresses,both
UBERON:0000966,54876,expresses,both
UBERON:0000966,5195,expresses,both
UBERON:0000966,23176,expresses,both
UBERON:0000966,6146,expresses,both
UBERON:0000966,64149,expresses,both
UBERON:0000966,8508,expresses,both
UBERON:0000966,26061,expresses,both
UBERON:0000966,967,expresses,both
UBERON:0000966,1742,expresses,both
UBERON:0000966,285190,expresses,both
UBERON:0000966,10478,expresses,both
UBERON:0000966,11269,expresses,both
UBERON:0000966,9166,expresses,both
UBERON:0000966,84276,expresses,both
UBERON:0000966,57699,expresses,both
UBERON:0000966,55605,expresses,both
UBERON:0000966,84333,expresses,both
UBERON:0000966,9778,expresses,both
UBERON:0000966,56181,expresses,both
UBERON:0000966,6047,expresses,both
UBERON:0000966,2936,expresses,both
UBERON:0000966,51129,expresses,both
UBERON:0000966,90488,expresses,both
UBERON:0000966,152189,expresses,both
UBERON:0000966,22859,expresses,both
UBERON:0000966,4907,expresses,both
UBERON:0000966,4898,expresses,both
UBERON:0000966,64795,expresses,both
UBERON:0000966,140609,expresses,both
UBERON:0000966,6227,expresses,both
UBERON:0000966,57690,expresses,both
UBERON:0000966,1465,expresses,both
UBERON:0000966,3614,expresses,both
UBERON:0000966,582,expresses,both
UBERON:0000966,11342,expresses,both
UBERON:0000966,2923,expresses,both
UBERON:0000966,83552,expresses,both
UBERON:0000966,7818,expresses,both
UBERON:0000966,6388,expresses,both
UBERON:0000966,4478,expresses,both
UBERON:0000966,25840,expresses,both
UBERON:0000966,79829,expresses,both
DOID:3070,UBERON:0000966,localizes,both
UBERON:0000966,5585,expresses,both
UBERON:0000966,64763,expresses,both
UBERON:0000966,275,expresses,both
UBERON:0000966,51475,expresses,both
UBERON:0000966,4327,expresses,both
UBERON:0000966,3725,expresses,both
UBERON:0000966,29789,expresses,both
UBERON:0000966,84812,expresses,both
UBERON:0000966,9891,expresses,both
UBERON:0000966,143471,expresses,both
UBERON:0000966,481,expresses,both
UBERON:0000966,9295,expresses,both
UBERON:0000966,57110,expresses,both
UBERON:0000966,51465,expresses,both
UBERON:0000966,54947,expresses,both
UBERON:0000966,2040,expresses,both
UBERON:0000966,9988,expresses,both
UBERON:0000966,4905,expresses,both
UBERON:0000966,832,expresses,both
UBERON:0000966,79081,expresses,both
UBERON:0000966,25776,expresses,both
UBERON:0000966,10552,expresses,both
UBERON:0000966,23037,expresses,both
UBERON:0000966,7263,expresses,both
UBERON:0000966,3183,expresses,both
UBERON:0000966,4673,expresses,both
UBERON:0000966,122060,expresses,both
UBERON:0000966,2044,expresses,both
UBERON:0000966,399694,expresses,both
UBERON:0000966,26502,expresses,both
UBERON:0000966,56947,expresses,both
UBERON:0000966,8613,expresses,both
UBERON:0000966,1116,expresses,both
UBERON:0000966,55816,expresses,both
UBERON:0000966,7799,expresses,both
UBERON:0000966,89890,expresses,both
UBERON:0000966,1182,expresses,both
UBERON:0000966,57787,expresses,both
UBERON:0000966,54439,expresses,both
UBERON:0000966,8824,expresses,both
UBERON:0000966,93185,expresses,both
UBERON:0000966,563,expresses,both
UBERON:0000966,28998,expresses,both
UBERON:0000966,23478,expresses,both
UBERON:0000966,8315,expresses,both
UBERON:0000966,284058,expresses,both
UBERON:0000966,9150,expresses,both
UBERON:0000966,23640,expresses,both
UBERON:0000966,6194,expresses,both
UBERON:0000966,2047,expresses,both
UBERON:0000966,57658,expresses,both
UBERON:0000966,9867,expresses,both
UBERON:0000966,6017,expresses,both
UBERON:0000966,7143,expresses,both
UBERON:0000966,85315,expresses,both
UBERON:0000966,53635,expresses,both
UBERON:0000966,4140,expresses,both
UBERON:0000966,56681,expresses,both
UBERON:0000966,2257,expresses,both
UBERON:0000966,30,expresses,both
UBERON:0000966,51780,expresses,both
UBERON:0000966,322,expresses,both
UBERON:0000966,6513,expresses,both
UBERON:0000966,2947,expresses,both
UBERON:0000966,143162,expresses,both
UBERON:0000966,2189,expresses,both
UBERON:0000966,124637,expresses,both
UBERON:0000966,409,expresses,both
UBERON:0000966,414301,expresses,both
UBERON:0000966,196483,expresses,both
UBERON:0000966,314,expresses,both
UBERON:0000966,10654,expresses,both
UBERON:0000966,2739,expresses,both
UBERON:0000966,28969,expresses,both
UBERON:0000966,6096,expresses,both
UBERON:0000966,23406,expresses,both
UBERON:0000966,26262,expresses,both
UBERON:0000966,5591,expresses,both
UBERON:0000966,79573,expresses,both
UBERON:0000966,51271,expresses,both
UBERON:0000966,7760,expresses,both
UBERON:0000966,7122,expresses,both
UBERON:0000966,79169,expresses,both
UBERON:0000966,8491,expresses,both
UBERON:0000966,5636,expresses,both
UBERON:0000966,85021,expresses,both
UBERON:0000966,1191,expresses,both
UBERON:0000966,10114,expresses,both
UBERON:0000966,27087,expresses,both
UBERON:0000966,11244,expresses,both
UBERON:0000966,6624,expresses,both
UBERON:0000966,338917,expresses,both
UBERON:0000966,22985,expresses,both
UBERON:0000966,157922,expresses,both
UBERON:0000966,23332,expresses,both
UBERON:0000966,282991,expresses,both
UBERON:0000966,64651,expresses,both
UBERON:0000966,55209,expresses,both
UBERON:0000966,5511,expresses,both
UBERON:0000966,80781,expresses,both
UBERON:0000966,8395,expresses,both
UBERON:0000966,80254,expresses,both
UBERON:0000966,64207,expresses,both
UBERON:0000966,64432,expresses,both
UBERON:0000966,8775,expresses,both
UBERON:0000966,23613,expresses,both
UBERON:0000966,2589,expresses,both
UBERON:0000966,51246,expresses,both
UBERON:0000966,4591,expresses,both
UBERON:0000966,56941,expresses,both
UBERON:0000966,23541,expresses,both
UBERON:0000966,23333,expresses,both
UBERON:0000966,368,expresses,both
UBERON:0000966,6235,expresses,both
UBERON:0000966,7249,expresses,both
UBERON:0000966,4646,expresses,both
UBERON:0000966,158431,expresses,both
UBERON:0000966,10120,expresses,both
UBERON:0000966,5976,expresses,both
UBERON:0000966,950,expresses,both
UBERON:0000966,51527,expresses,both
UBERON:0000966,5986,expresses,both
UBERON:0000966,7414,expresses,both
UBERON:0000966,11221,expresses,both
UBERON:0000966,51466,expresses,both
UBERON:0000966,80184,expresses,both
UBERON:0000966,79109,expresses,both
UBERON:0000966,222698,expresses,both
UBERON:0000966,55011,expresses,both
UBERON:0000966,6529,expresses,both
UBERON:0000966,55076,expresses,both
UBERON:0000966,9638,expresses,both
UBERON:0000966,26276,expresses,both
UBERON:0000966,81888,expresses,both
UBERON:0000966,81628,expresses,both
UBERON:0000966,120,expresses,both
UBERON:0000966,1153,expresses,both
UBERON:0000966,51028,expresses,both
UBERON:0000966,1068,expresses,both
UBERON:0000966,57507,expresses,both
UBERON:0000966,79956,expresses,both
UBERON:0000966,8408,expresses,both
UBERON:0000966,388531,expresses,both
UBERON:0000966,23528,expresses,both
UBERON:0000966,132,expresses,both
UBERON:0000966,55177,expresses,both
UBERON:0000966,2779,expresses,both
UBERON:0000966,7042,expresses,both
UBERON:0000966,1633,expresses,both
UBERON:0000966,9043,expresses,both
UBERON:0000966,55760,expresses,both
UBERON:0000966,5213,expresses,both
UBERON:0000966,25837,expresses,both
UBERON:0000966,10296,expresses,both
UBERON:0000966,10105,expresses,both
UBERON:0000966,5507,expresses,both
UBERON:0000966,158219,expresses,both
UBERON:0000966,2971,expresses,both
UBERON:0000966,26152,expresses,both
UBERON:0000966,23039,expresses,both
UBERON:0000966,388939,expresses,both
UBERON:0000966,23023,expresses,both
UBERON:0000966,92293,expresses,both
UBERON:0000966,498,expresses,both
UBERON:0000966,2778,expresses,both
UBERON:0000966,347902,expresses,both
UBERON:0000966,10956,expresses,both
UBERON:0000966,161,expresses,both
UBERON:0000966,23621,expresses,both
UBERON:0000966,55228,expresses,both
UBERON:0000966,4292,expresses,both
UBERON:0000966,83698,expresses,both
UBERON:0000966,54665,expresses,both
UBERON:0000966,128434,expresses,both
UBERON:0000966,3417,expresses,both
UBERON:0000966,23244,expresses,both
UBERON:0000966,56647,expresses,both
DOID:1686,UBERON:0000966,localizes,both
UBERON:0000966,9841,expresses,both
UBERON:0000966,54977,expresses,both
UBERON:0000966,6011,expresses,both
UBERON:0000966,10327,expresses,both
UBERON:0000966,253260,expresses,both
UBERON:0000966,9577,expresses,both
UBERON:0000966,3992,expresses,both
UBERON:0000966,25957,expresses,both
UBERON:0000966,5537,expresses,both
UBERON:0000966,5432,expresses,both
UBERON:0000966,56901,expresses,both
UBERON:0000966,793,expresses,both
UBERON:0000966,7942,expresses,both
UBERON:0000966,5158,expresses,both
UBERON:0000966,4221,expresses,both
UBERON:0000966,4718,expresses,both
UBERON:0000966,64400,expresses,both
UBERON:0000966,57465,expresses,both
UBERON:0000966,8639,expresses,both
UBERON:0000966,388228,expresses,both
UBERON:0000966,84274,expresses,both
UBERON:0000966,5705,expresses,both
UBERON:0000966,3741,expresses,both
UBERON:0000966,2752,expresses,both
UBERON:0000966,64426,expresses,both
UBERON:0000966,85437,expresses,both
UBERON:0000966,3791,expresses,both
UBERON:0000966,9673,expresses,both
UBERON:0000966,6451,expresses,both
UBERON:0000966,8675,expresses,both
UBERON:0000966,5529,expresses,both
UBERON:0000966,5527,expresses,both
UBERON:0000966,1609,expresses,both
UBERON:0000966,790,expresses,both
UBERON:0000966,3609,expresses,both
UBERON:0000966,3617,expresses,both
UBERON:0000966,134553,expresses,both
UBERON:0000966,3187,expresses,both
UBERON:0000966,254225,expresses,both
UBERON:0000966,57563,expresses,both
UBERON:0000966,10097,expresses,both
UBERON:0000966,2804,expresses,both
UBERON:0000966,30062,expresses,both
UBERON:0000966,22916,expresses,both
UBERON:0000966,23539,expresses,both
UBERON:0000966,403341,expresses,both
UBERON:0000966,5211,expresses,both
UBERON:0000966,26229,expresses,both
UBERON:0000966,379,expresses,both
UBERON:0000966,5810,expresses,both
UBERON:0000966,116071,expresses,both
UBERON:0000966,256364,expresses,both
UBERON:0000966,5082,expresses,both
UBERON:0000966,23369,expresses,both
UBERON:0000966,27013,expresses,both
UBERON:0000966,1462,expresses,both
UBERON:0000966,55361,expresses,both
UBERON:0000966,25934,expresses,both
UBERON:0000966,2017,expresses,both
UBERON:0000966,83660,expresses,both
UBERON:0000966,54675,expresses,both
UBERON:0000966,1296,expresses,both
UBERON:0000966,91647,expresses,both
UBERON:0000966,57519,expresses,both
UBERON:0000966,10113,expresses,both
UBERON:0000966,1520,expresses,both
UBERON:0000966,56829,expresses,both
UBERON:0000966,1915,expresses,both
UBERON:0000966,6161,expresses,both
UBERON:0000966,10781,expresses,both
UBERON:0000966,5538,expresses,both
UBERON:0000966,9128,expresses,both
UBERON:0000966,57017,expresses,both
UBERON:0000966,5567,expresses,both
UBERON:0000966,54813,expresses,both
UBERON:0000966,9328,expresses,both
UBERON:0000966,9745,expresses,both
UBERON:0000966,23283,expresses,both
UBERON:0000966,129450,expresses,both
UBERON:0000966,9114,expresses,both
UBERON:0000966,2669,expresses,both
UBERON:0000966,55603,expresses,both
UBERON:0000966,63908,expresses,both
UBERON:0000966,60490,expresses,both
UBERON:0000966,1891,expresses,both
UBERON:0000966,51495,expresses,both
UBERON:0000966,25830,expresses,both
UBERON:0000966,4976,expresses,both
UBERON:0000966,10398,expresses,both
UBERON:0000966,84316,expresses,both
UBERON:0000966,2098,expresses,both
UBERON:0000966,5803,expresses,both
UBERON:0000966,10985,expresses,both
UBERON:0000966,10681,expresses,both
UBERON:0000966,387,expresses,both
UBERON:0000966,908,expresses,both
UBERON:0000966,6185,expresses,both
UBERON:0000966,1982,expresses,both
UBERON:0000966,10237,expresses,both
UBERON:0000966,55339,expresses,both
UBERON:0000966,57101,expresses,both
UBERON:0000966,6853,expresses,both
UBERON:0000966,2104,expresses,both
UBERON:0000966,10868,expresses,both
UBERON:0000966,153241,expresses,both
UBERON:0000966,2979,expresses,both
UBERON:0000966,10049,expresses,both
UBERON:0000966,55037,expresses,both
UBERON:0000966,23201,expresses,both
UBERON:0000966,5253,expresses,both
UBERON:0000966,1719,expresses,both
UBERON:0000966,6785,expresses,both
UBERON:0000966,1738,expresses,both
UBERON:0000966,25842,expresses,both
UBERON:0000966,9435,expresses,both
UBERON:0000966,4654,expresses,both
UBERON:0000966,79684,expresses,both
UBERON:0000966,10277,expresses,both
UBERON:0000966,29066,expresses,both
UBERON:0000966,4023,expresses,both
UBERON:0000966,84709,expresses,both
UBERON:0000966,3769,expresses,both
UBERON:0000966,7296,expresses,both
UBERON:0000966,331,expresses,both
UBERON:0000966,9905,expresses,both
UBERON:0000966,57509,expresses,both
UBERON:0000966,847,expresses,both
UBERON:0000966,60626,expresses,both
UBERON:0000966,26515,expresses,both
UBERON:0000966,6566,expresses,both
UBERON:0000966,58190,expresses,both
UBERON:0000966,6122,expresses,both
UBERON:0000966,2697,expresses,both
UBERON:0000966,5957,expresses,both
UBERON:0000966,8454,expresses,both
UBERON:0000966,147179,expresses,both
UBERON:0000966,57504,expresses,both
UBERON:0000966,9371,expresses,both
UBERON:0000966,25903,expresses,both
UBERON:0000966,9658,expresses,both
UBERON:0000966,378,expresses,both
UBERON:0000966,119504,expresses,both
UBERON:0000966,23499,expresses,both
UBERON:0000966,79777,expresses,both
UBERON:0000966,821,expresses,both
UBERON:0000966,58473,expresses,both
UBERON:0000966,4286,expresses,both
UBERON:0000966,9688,expresses,both
UBERON:0000966,9510,expresses,both
UBERON:0000966,56910,expresses,both
UBERON:0000966,11100,expresses,both
UBERON:0000966,150209,expresses,both
UBERON:0000966,91369,expresses,both
UBERON:0000966,89944,expresses,both
UBERON:0000966,1421,expresses,both
UBERON:0000966,10007,expresses,both
UBERON:0000966,64422,expresses,both
UBERON:0000966,162963,expresses,both
UBERON:0000966,64897,expresses,both
UBERON:0000966,348801,expresses,both
UBERON:0000966,5274,expresses,both
UBERON:0000966,2956,expresses,both
UBERON:0000966,64850,expresses,both
UBERON:0000966,221035,expresses,both
UBERON:0000966,55206,expresses,both
UBERON:0000966,5226,expresses,both
UBERON:0000966,1261,expresses,both
UBERON:0000966,4952,expresses,both
UBERON:0000966,259230,expresses,both
UBERON:0000966,8120,expresses,both
UBERON:0000966,9917,expresses,both
UBERON:0000966,23076,expresses,both
UBERON:0000966,10922,expresses,both
UBERON:0000966,4163,expresses,both
UBERON:0000966,8655,expresses,both
UBERON:0000966,4544,expresses,both
UBERON:0000966,2878,expresses,both
UBERON:0000966,56052,expresses,both
UBERON:0000966,7879,expresses,both
UBERON:0000966,50939,expresses,both
UBERON:0000966,10383,expresses,both
UBERON:0000966,9519,expresses,both
UBERON:0000966,16,expresses,both
UBERON:0000966,8654,expresses,both
UBERON:0000966,9131,expresses,both
UBERON:0000966,55140,expresses,both
UBERON:0000966,4720,expresses,both
UBERON:0000966,778,expresses,both
UBERON:0000966,221061,expresses,both
UBERON:0000966,55703,expresses,both
UBERON:0000966,57614,expresses,both
UBERON:0000966,7019,expresses,both
UBERON:0000966,64072,expresses,both
UBERON:0000966,91612,expresses,both
UBERON:0000966,7534,expresses,both
UBERON:0000966,79632,expresses,both
UBERON:0000966,152404,expresses,both
UBERON:0000966,79048,expresses,both
UBERON:0000966,57192,expresses,both
UBERON:0000966,6319,expresses,both
UBERON:0000966,29767,expresses,both
UBERON:0000966,142,expresses,both
UBERON:0000966,23219,expresses,both
UBERON:0000966,80206,expresses,both
UBERON:0000966,79629,expresses,both
UBERON:0000966,3858,expresses,both
UBERON:0000966,11099,expresses,both
UBERON:0000966,8682,expresses,both
UBERON:0000966,56884,expresses,both
UBERON:0000966,4902,expresses,both
UBERON:0000966,4216,expresses,both
UBERON:0000966,8774,expresses,both
UBERON:0000966,8867,expresses,both
UBERON:0000966,10457,expresses,both
UBERON:0000966,55364,expresses,both
UBERON:0000966,55173,expresses,both
UBERON:0000966,23172,expresses,both
UBERON:0000966,6760,expresses,both
UBERON:0000966,23362,expresses,both
UBERON:0000966,8398,expresses,both
UBERON:0000966,3799,expresses,both
UBERON:0000966,23063,expresses,both
UBERON:0000966,81618,expresses,both
UBERON:0000966,25851,expresses,both
UBERON:0000966,56952,expresses,both
UBERON:0000966,51006,expresses,both
UBERON:0000966,79811,expresses,both
UBERON:0000966,114034,expresses,both
UBERON:0000966,27034,expresses,both
UBERON:0000966,5291,expresses,both
UBERON:0000966,142678,expresses,both
UBERON:0000966,23658,expresses,both
UBERON:0000966,22993,expresses,both
UBERON:0000966,5775,expresses,both
UBERON:0000966,2532,expresses,both
UBERON:0000966,51155,expresses,both
UBERON:0000966,10656,expresses,both
UBERON:0000966,9626,expresses,both
UBERON:0000966,4520,expresses,both
UBERON:0000966,7102,expresses,both
UBERON:0000966,9016,expresses,both
UBERON:0000966,11140,expresses,both
UBERON:0000966,4670,expresses,both
UBERON:0000966,91272,expresses,both
UBERON:0000966,10459,expresses,both
UBERON:0000966,23207,expresses,both
UBERON:0000966,28231,expresses,both
UBERON:0000966,7756,expresses,both
UBERON:0000966,23225,expresses,both
UBERON:0000966,81928,expresses,both
UBERON:0000966,84886,expresses,both
UBERON:0000966,5250,expresses,both
UBERON:0000966,8850,expresses,both
UBERON:0000966,9453,expresses,both
UBERON:0000966,6549,expresses,both
UBERON:0000966,9373,expresses,both
UBERON:0000966,1136,expresses,both
UBERON:0000966,10900,expresses,both
UBERON:0000966,55422,expresses,both
UBERON:0000966,51286,expresses,both
UBERON:0000966,55529,expresses,both
UBERON:0000966,9416,expresses,both
UBERON:0000966,54505,expresses,both
UBERON:0000966,51390,expresses,both
UBERON:0000966,26269,expresses,both
UBERON:0000966,9797,expresses,both
UBERON:0000966,2525,expresses,both
UBERON:0000966,1497,expresses,both
UBERON:0000966,9853,expresses,both
UBERON:0000966,27352,expresses,both
UBERON:0000966,6155,expresses,both
UBERON:0000966,10328,expresses,both
UBERON:0000966,23114,expresses,both
UBERON:0000966,79038,expresses,both
UBERON:0000966,23609,expresses,both
UBERON:0000966,53354,expresses,both
UBERON:0000966,8671,expresses,both
UBERON:0000966,23177,expresses,both
UBERON:0000966,65095,expresses,both
UBERON:0000966,6856,expresses,both
UBERON:0000966,1195,expresses,both
UBERON:0000966,51112,expresses,both
UBERON:0000966,6230,expresses,both
UBERON:0000966,8661,expresses,both
UBERON:0000966,266812,expresses,both
UBERON:0000966,1316,expresses,both
UBERON:0000966,84080,expresses,both
UBERON:0000966,79026,expresses,both
UBERON:0000966,53820,expresses,both
UBERON:0000966,54870,expresses,both
UBERON:0000966,9361,expresses,both
UBERON:0000966,404093,expresses,both
UBERON:0000966,2762,expresses,both
UBERON:0000966,5901,expresses,both
UBERON:0000966,51655,expresses,both
UBERON:0000966,801,expresses,both
UBERON:0000966,222194,expresses,both
UBERON:0000966,22884,expresses,both
UBERON:0000966,1411,expresses,both
UBERON:0000966,81631,expresses,both
UBERON:0000966,28966,expresses,both
UBERON:0000966,440435,expresses,both
UBERON:0000966,1258,expresses,both
UBERON:0000966,64100,expresses,both
UBERON:0000966,30812,expresses,both
UBERON:0000966,5192,expresses,both
UBERON:0000966,5066,expresses,both
UBERON:0000966,6450,expresses,both
UBERON:0000966,5578,expresses,both
UBERON:0000966,794,expresses,both
UBERON:0000966,8533,expresses,both
UBERON:0000966,5927,expresses,both
UBERON:0000966,10498,expresses,both
UBERON:0000966,94233,expresses,both
UBERON:0000966,83855,expresses,both
UBERON:0000966,93210,expresses,both
UBERON:0000966,5746,expresses,both
UBERON:0000966,51586,expresses,both
UBERON:0000966,127544,expresses,both
UBERON:0000966,6905,expresses,both
UBERON:0000966,4677,expresses,both
UBERON:0000966,1508,expresses,both
UBERON:0000966,9525,expresses,both
UBERON:0000966,58472,expresses,both
UBERON:0000966,5500,expresses,both
UBERON:0000966,10081,expresses,both
UBERON:0000966,5891,expresses,both
UBERON:0000966,5783,expresses,both
UBERON:0000966,3329,expresses,both
UBERON:0000966,55031,expresses,both
UBERON:0000966,55362,expresses,both
UBERON:0000966,29080,expresses,both
UBERON:0000966,6781,expresses,both
UBERON:0000966,23089,expresses,both
UBERON:0000966,55023,expresses,both
UBERON:0000966,6654,expresses,both
UBERON:0000966,5564,expresses,both
UBERON:0000966,89866,expresses,both
UBERON:0000966,23381,expresses,both
UBERON:0000966,121053,expresses,both
UBERON:0000966,8036,expresses,both
UBERON:0000966,10174,expresses,both
UBERON:0000966,2162,expresses,both
UBERON:0000966,2652,expresses,both
UBERON:0000966,81611,expresses,both
UBERON:0000966,5214,expresses,both
UBERON:0000966,117155,expresses,both
UBERON:0000966,4130,expresses,both
UBERON:0000966,9538,expresses,both
UBERON:0000966,5411,expresses,both
UBERON:0000966,144423,expresses,both
UBERON:0000966,29763,expresses,both
UBERON:0000966,1266,expresses,both
UBERON:0000966,26000,expresses,both
UBERON:0000966,10452,expresses,both
UBERON:0000966,6721,expresses,both
UBERON:0000966,22844,expresses,both
UBERON:0000966,3608,expresses,both
UBERON:0000966,117246,expresses,both
UBERON:0000966,55030,expresses,both
UBERON:0000966,10240,expresses,both
UBERON:0000966,55573,expresses,both
UBERON:0000966,4901,expresses,both
UBERON:0000966,23214,expresses,both
UBERON:0000966,2978,expresses,both
UBERON:0000966,3313,expresses,both
UBERON:0000966,8729,expresses,both
UBERON:0000966,9267,expresses,both
UBERON:0000966,26508,expresses,both
UBERON:0000966,9253,expresses,both
UBERON:0000966,51726,expresses,both
UBERON:0000966,64983,expresses,both
UBERON:0000966,5019,expresses,both
UBERON:0000966,3101,expresses,both
UBERON:0000966,6193,expresses,both
UBERON:0000966,6138,expresses,both
UBERON:0000966,471,expresses,both
UBERON:0000966,55229,expresses,both
UBERON:0000966,80301,expresses,both
UBERON:0000966,5146,expresses,both
UBERON:0000966,57409,expresses,both
UBERON:0000966,10427,expresses,both
UBERON:0000966,55830,expresses,both
UBERON:0000966,2331,expresses,both
UBERON:0000966,10098,expresses,both
UBERON:0000966,7763,expresses,both
UBERON:0000966,7401,expresses,both
UBERON:0000966,865,expresses,both
UBERON:0000966,23710,expresses,both
UBERON:0000966,3714,expresses,both
UBERON:0000966,1337,expresses,both
UBERON:0000966,340348,expresses,both
UBERON:0000966,6170,expresses,both
UBERON:0000966,11079,expresses,both
UBERON:0000966,4281,expresses,both
UBERON:0000966,5709,expresses,both
UBERON:0000966,7412,expresses,both
UBERON:0000966,2,expresses,both
UBERON:0000966,79932,expresses,both
UBERON:0000966,80331,expresses,both
UBERON:0000966,396,expresses,both
UBERON:0000966,1892,expresses,both
UBERON:0000966,115509,expresses,both
UBERON:0000966,6857,expresses,both
UBERON:0000966,57419,expresses,both
UBERON:0000966,4355,expresses,both
UBERON:0000966,123811,expresses,both
UBERON:0000966,5045,expresses,both
UBERON:0000966,4152,expresses,both
UBERON:0000966,9920,expresses,both
UBERON:0000966,4953,expresses,both
UBERON:0000966,5924,expresses,both
UBERON:0000966,9886,expresses,both
UBERON:0000966,5125,expresses,both
UBERON:0000966,8604,expresses,both
UBERON:0000966,5062,expresses,both
UBERON:0000966,158405,expresses,both
UBERON:0000966,2931,expresses,both
UBERON:0000966,64112,expresses,both
UBERON:0000966,56262,expresses,both
UBERON:0000966,11168,expresses,both
UBERON:0000966,26071,expresses,both
UBERON:0000966,27067,expresses,both
UBERON:0000966,64216,expresses,both
UBERON:0000966,50700,expresses,both
UBERON:0000966,902,expresses,both
UBERON:0000966,966,expresses,both
UBERON:0000966,10763,expresses,both
UBERON:0000966,254295,expresses,both
UBERON:0000966,121512,expresses,both
UBERON:0000966,60678,expresses,both
UBERON:0000966,64111,expresses,both
UBERON:0000966,1285,expresses,both
UBERON:0000966,4542,expresses,both
UBERON:0000966,60509,expresses,both
UBERON:0000966,9392,expresses,both
UBERON:0000966,7581,expresses,both
UBERON:0000966,58506,expresses,both
UBERON:0000966,7385,expresses,both
UBERON:0000966,83742,expresses,both
UBERON:0000966,51552,expresses,both
UBERON:0000966,90141,expresses,both
UBERON:0000966,55862,expresses,both
UBERON:0000966,4635,expresses,both
UBERON:0000966,2026,expresses,both
UBERON:0000966,10269,expresses,both
UBERON:0000966,4942,expresses,both
UBERON:0000966,6496,expresses,both
UBERON:0000966,84317,expresses,both
UBERON:0000966,9922,expresses,both
UBERON:0000966,392617,expresses,both
UBERON:0000966,23264,expresses,both
UBERON:0000966,744,expresses,both
UBERON:0000966,23654,expresses,both
UBERON:0000966,11170,expresses,both
UBERON:0000966,3911,expresses,both
UBERON:0000966,1431,expresses,both
UBERON:0000966,585,expresses,both
UBERON:0000966,8518,expresses,both
UBERON:0000966,5601,expresses,both
UBERON:0000966,84918,expresses,both
UBERON:0000966,167359,expresses,both
UBERON:0000966,10302,expresses,both
UBERON:0000966,10291,expresses,both
UBERON:0000966,90957,expresses,both
UBERON:0000966,23075,expresses,both
UBERON:0000966,682,expresses,both
UBERON:0000966,10664,expresses,both
UBERON:0000966,1809,expresses,both
UBERON:0000966,7027,expresses,both
UBERON:0000966,6198,expresses,both
UBERON:0000966,23150,expresses,both
UBERON:0000966,1725,expresses,both
UBERON:0000966,4205,expresses,both
UBERON:0000966,51314,expresses,both
UBERON:0000966,617,expresses,both
UBERON:0000966,9238,expresses,both
UBERON:0000966,4636,expresses,both
UBERON:0000966,2259,expresses,both
UBERON:0000966,3766,expresses,both
UBERON:0000966,5257,expresses,both
UBERON:0000966,2776,expresses,both
UBERON:0000966,83877,expresses,both
UBERON:0000966,92211,expresses,both
UBERON:0000966,22919,expresses,both
UBERON:0000966,900,expresses,both
UBERON:0000966,23310,expresses,both
UBERON:0000966,476,expresses,both
UBERON:0000966,1778,expresses,both
UBERON:0000966,57539,expresses,both
UBERON:0000966,55856,expresses,both
UBERON:0000966,342371,expresses,both
UBERON:0000966,191,expresses,both
UBERON:0000966,10653,expresses,both
UBERON:0000966,5797,expresses,both
UBERON:0000966,4666,expresses,both
UBERON:0000966,6659,expresses,both
UBERON:0000966,4306,expresses,both
UBERON:0000966,5516,expresses,both
UBERON:0000966,6917,expresses,both
UBERON:0000966,23028,expresses,both
UBERON:0000966,115353,expresses,both
UBERON:0000966,22795,expresses,both
UBERON:0000966,10197,expresses,both
UBERON:0000966,10128,expresses,both
UBERON:0000966,29997,expresses,both
UBERON:0000966,10954,expresses,both
UBERON:0000966,1955,expresses,both
UBERON:0000966,155066,expresses,both
UBERON:0000966,115330,expresses,both
UBERON:0000966,51809,expresses,both
UBERON:0000966,3066,expresses,both
UBERON:0000966,220988,expresses,both
UBERON:0000966,5573,expresses,both
UBERON:0000966,9191,expresses,both
UBERON:0000966,23523,expresses,both
UBERON:0000966,23008,expresses,both
UBERON:0000966,22796,expresses,both
UBERON:0000966,64398,expresses,both
UBERON:0000966,6167,expresses,both
UBERON:0000966,157506,expresses,both
UBERON:0000966,5686,expresses,both
UBERON:0000966,10209,expresses,both
UBERON:0000966,58476,expresses,both
UBERON:0000966,4137,expresses,both
UBERON:0000966,10678,expresses,both
UBERON:0000966,2824,expresses,both
UBERON:0000966,79980,expresses,both
UBERON:0000966,4736,expresses,both
UBERON:0000966,65055,expresses,both
UBERON:0000966,10988,expresses,both
UBERON:0000966,23359,expresses,both
UBERON:0000966,3064,expresses,both
UBERON:0000966,80142,expresses,both
UBERON:0000966,51560,expresses,both
UBERON:0000966,51081,expresses,both
UBERON:0000966,84447,expresses,both
UBERON:0000966,60313,expresses,both
UBERON:0000966,4915,expresses,both
UBERON:0000966,10376,expresses,both
UBERON:0000966,3337,expresses,both
UBERON:0000966,2780,expresses,both
UBERON:0000966,7466,expresses,both
UBERON:0000966,4741,expresses,both
UBERON:0000966,4811,expresses,both
UBERON:0000966,23351,expresses,both
UBERON:0000966,1756,expresses,both
UBERON:0000966,27297,expresses,both
UBERON:0000966,7812,expresses,both
UBERON:0000966,197370,expresses,both
UBERON:0000966,8050,expresses,both
UBERON:0000966,26260,expresses,both
UBERON:0000966,54556,expresses,both
UBERON:0000966,55755,expresses,both
UBERON:0000966,25849,expresses,both
UBERON:0000966,7709,expresses,both
UBERON:0000966,79139,expresses,both
UBERON:0000966,55268,expresses,both
UBERON:0000966,9866,expresses,both
UBERON:0000966,86,expresses,both
UBERON:0000966,79029,expresses,both
UBERON:0000966,51377,expresses,both
UBERON:0000966,5627,expresses,both
UBERON:0000966,3032,expresses,both
UBERON:0000966,57451,expresses,both
UBERON:0000966,23071,expresses,both
UBERON:0000966,5149,expresses,both
UBERON:0000966,79089,expresses,both
UBERON:0000966,9774,expresses,both
UBERON:0000966,4714,expresses,both
UBERON:0000966,8891,expresses,both
UBERON:0000966,376940,expresses,both
UBERON:0000966,22902,expresses,both
UBERON:0000966,7029,expresses,both
UBERON:0000966,84220,expresses,both
UBERON:0000966,5458,expresses,both
UBERON:0000966,9110,expresses,both
UBERON:0000966,58528,expresses,both
UBERON:0000966,8842,expresses,both
UBERON:0000966,5816,expresses,both
UBERON:0000966,5663,expresses,both
UBERON:0000966,7317,expresses,both
UBERON:0000966,5906,expresses,both
UBERON:0000966,147015,expresses,both
UBERON:0000966,333,expresses,both
UBERON:0000966,14,expresses,both
UBERON:0000966,100526767,expresses,both
UBERON:0000966,55070,expresses,both
UBERON:0000966,2617,expresses,both
UBERON:0000966,2885,expresses,both
UBERON:0000966,91694,expresses,both
UBERON:0000966,30815,expresses,both
UBERON:0000966,9230,expresses,both
UBERON:0000966,79602,expresses,both
UBERON:0000966,5236,expresses,both
UBERON:0000966,387521,expresses,both
UBERON:0000966,6860,expresses,both
UBERON:0000966,23198,expresses,both
UBERON:0000966,10497,expresses,both
UBERON:0000966,5510,expresses,both
UBERON:0000966,10609,expresses,both
UBERON:0000966,23107,expresses,both
UBERON:0000966,78991,expresses,both
UBERON:0000966,6342,expresses,both
UBERON:0000966,51573,expresses,both
UBERON:0000966,94137,expresses,both
UBERON:0000966,127262,expresses,both
UBERON:0000966,10752,expresses,both
UBERON:0000966,114790,expresses,both
UBERON:0000966,5899,expresses,both
UBERON:0000966,7699,expresses,both
UBERON:0000966,23673,expresses,both
UBERON:0000966,883,expresses,both
UBERON:0000966,1105,expresses,both
UBERON:0000966,92399,expresses,both
UBERON:0000966,9751,expresses,both
UBERON:0000966,9033,expresses,both
UBERON:0000966,4054,expresses,both
UBERON:0000966,3035,expresses,both
UBERON:0000966,57153,expresses,both
UBERON:0000966,217,expresses,both
UBERON:0000966,1642,expresses,both
UBERON:0000966,2806,expresses,both
UBERON:0000966,573,expresses,both
UBERON:0000966,64376,expresses,both
UBERON:0000966,1039,expresses,both
UBERON:0000966,6855,expresses,both
UBERON:0000966,1409,expresses,both
UBERON:0000966,8476,expresses,both
UBERON:0000966,3241,expresses,both
UBERON:0000966,51808,expresses,both
UBERON:0000966,11321,expresses,both
UBERON:0000966,22822,expresses,both
UBERON:0000966,200894,expresses,both
UBERON:0000966,6873,expresses,both
UBERON:0000966,51566,expresses,both
UBERON:0000966,162,expresses,both
UBERON:0000966,8623,expresses,both
UBERON:0000966,55148,expresses,both
UBERON:0000966,11197,expresses,both
UBERON:0000966,115123,expresses,both
UBERON:0000966,6640,expresses,both
UBERON:0000966,2962,expresses,both
UBERON:0000966,54700,expresses,both
UBERON:0000966,56929,expresses,both
UBERON:0000966,3091,expresses,both
UBERON:0000966,91300,expresses,both
UBERON:0000966,114926,expresses,both
UBERON:0000966,5425,expresses,both
UBERON:0000966,5873,expresses,both
UBERON:0000966,107,expresses,both
UBERON:0000966,5824,expresses,both
UBERON:0000966,54914,expresses,both
UBERON:0000966,2800,expresses,both
UBERON:0000966,83930,expresses,both
UBERON:0000966,10295,expresses,both
UBERON:0000966,7247,expresses,both
UBERON:0000966,2782,expresses,both
UBERON:0000966,2173,expresses,both
UBERON:0000966,23347,expresses,both
UBERON:0000966,51439,expresses,both
UBERON:0000966,23635,expresses,both
UBERON:0000966,64115,expresses,both
UBERON:0000966,79939,expresses,both
UBERON:0000966,63931,expresses,both
UBERON:0000966,6189,expresses,both
UBERON:0000966,830,expresses,both
UBERON:0000966,55274,expresses,both
UBERON:0000966,6675,expresses,both
UBERON:0000966,3912,expresses,both
UBERON:0000966,221092,expresses,both
UBERON:0000966,85300,expresses,both
UBERON:0000966,1649,expresses,both
UBERON:0000966,6157,expresses,both
UBERON:0000966,23450,expresses,both
UBERON:0000966,20,expresses,both
UBERON:0000966,56894,expresses,both
UBERON:0000966,79643,expresses,both
UBERON:0000966,51701,expresses,both
UBERON:0000966,57688,expresses,both
UBERON:0000966,27173,expresses,both
UBERON:0000966,22979,expresses,both
UBERON:0000966,8941,expresses,both
UBERON:0000966,6199,expresses,both
UBERON:0000966,137872,expresses,both
UBERON:0000966,284119,expresses,both
UBERON:0000966,51302,expresses,both
UBERON:0000966,51626,expresses,both
UBERON:0000966,1602,expresses,both
UBERON:0000966,9379,expresses,both
UBERON:0000966,9021,expresses,both
UBERON:0000966,26156,expresses,both
UBERON:0000966,10848,expresses,both
UBERON:0000966,25894,expresses,both
UBERON:0000966,27018,expresses,both
UBERON:0000966,118,expresses,both
UBERON:0000966,5606,expresses,both
UBERON:0000966,91404,expresses,both
UBERON:0000966,9663,expresses,both
UBERON:0000966,4040,expresses,both
UBERON:0000966,6844,expresses,both
UBERON:0000966,57217,expresses,both
UBERON:0000966,3098,expresses,both
UBERON:0000966,253943,expresses,both
UBERON:0000966,55656,expresses,both
UBERON:0000966,1376,expresses,both
UBERON:0000966,7846,expresses,both
UBERON:0000966,57532,expresses,both
UBERON:0000966,54206,expresses,both
UBERON:0000966,55288,expresses,both
UBERON:0000966,8482,expresses,both
UBERON:0000966,23002,expresses,both
UBERON:0000966,9317,expresses,both
UBERON:0000966,7283,expresses,both
UBERON:0000966,55090,expresses,both
UBERON:0000966,23443,expresses,both
UBERON:0000966,84798,expresses,both
UBERON:0000966,819,expresses,both
UBERON:0000966,6196,expresses,both
UBERON:0000966,7376,expresses,both
UBERON:0000966,9162,expresses,both
UBERON:0000966,740,expresses,both
UBERON:0000966,5238,expresses,both
UBERON:0000966,90407,expresses,both
UBERON:0000966,3597,expresses,both
UBERON:0000966,55718,expresses,both
UBERON:0000966,79891,expresses,both
UBERON:0000966,54014,expresses,both
UBERON:0000966,22992,expresses,both
UBERON:0000966,57190,expresses,both
UBERON:0000966,81689,expresses,both
UBERON:0000966,54808,expresses,both
UBERON:0000966,2495,expresses,both
UBERON:0000966,55152,expresses,both
UBERON:0000966,400451,expresses,both
UBERON:0000966,3607,expresses,both
UBERON:0000966,84436,expresses,both
UBERON:0000966,57826,expresses,both
UBERON:0000966,64282,expresses,both
UBERON:0000966,5264,expresses,both
UBERON:0000966,23558,expresses,both
UBERON:0000966,4155,expresses,both
UBERON:0000966,118812,expresses,both
UBERON:0000966,5178,expresses,both
UBERON:0000966,10524,expresses,both
UBERON:0000966,166336,expresses,both
UBERON:0000966,4668,expresses,both
UBERON:0000966,8893,expresses,both
UBERON:0000966,23116,expresses,both
UBERON:0000966,22906,expresses,both
UBERON:0000966,117177,expresses,both
UBERON:0000966,2710,expresses,both
UBERON:0000966,5719,expresses,both
UBERON:0000966,83606,expresses,both
UBERON:0000966,23192,expresses,both
UBERON:0000966,5925,expresses,both
UBERON:0000966,55930,expresses,both
UBERON:0000966,55738,expresses,both
UBERON:0000966,5217,expresses,both
UBERON:0000966,285550,expresses,both
UBERON:0000966,51128,expresses,both
UBERON:0000966,3339,expresses,both
UBERON:0000966,22818,expresses,both
UBERON:0000966,9236,expresses,both
UBERON:0000966,57695,expresses,both
UBERON:0000966,55062,expresses,both
UBERON:0000966,5738,expresses,both
UBERON:0000966,5457,expresses,both
UBERON:0000966,2799,expresses,both
UBERON:0000966,2990,expresses,both
UBERON:0000966,139378,expresses,both
UBERON:0000966,5552,expresses,both
UBERON:0000966,3590,expresses,both
UBERON:0000966,55118,expresses,both
UBERON:0000966,770,expresses,both
UBERON:0000966,1455,expresses,both
UBERON:0000966,8560,expresses,both
UBERON:0000966,9516,expresses,both
UBERON:0000966,60685,expresses,both
UBERON:0000966,54890,expresses,both
UBERON:0000966,23142,expresses,both
UBERON:0000966,6133,expresses,both
UBERON:0000966,25906,expresses,both
UBERON:0000966,10961,expresses,both
UBERON:0000966,9869,expresses,both
UBERON:0000966,118924,expresses,both
UBERON:0000966,1528,expresses,both
UBERON:0000966,26060,expresses,both
UBERON:0000966,9817,expresses,both
UBERON:0000966,81558,expresses,both
UBERON:0000966,2879,expresses,both
UBERON:0000966,57493,expresses,both
UBERON:0000966,652,expresses,both
UBERON:0000966,4782,expresses,both
UBERON:0000966,6234,expresses,both
UBERON:0000966,10617,expresses,both
UBERON:0000966,23012,expresses,both
UBERON:0000966,64847,expresses,both
UBERON:0000966,26001,expresses,both
UBERON:0000966,7319,expresses,both
UBERON:0000966,273,expresses,both
UBERON:0000966,80194,expresses,both
UBERON:0000966,140461,expresses,both
UBERON:0000966,1796,expresses,both
UBERON:0000966,11034,expresses,both
UBERON:0000966,55324,expresses,both
UBERON:0000966,468,expresses,both
UBERON:0000966,10904,expresses,both
UBERON:0000966,4131,expresses,both
UBERON:0000966,2130,expresses,both
UBERON:0000966,48,expresses,both
UBERON:0000966,6295,expresses,both
UBERON:0000966,6294,expresses,both
UBERON:0000966,1107,expresses,both
UBERON:0000966,10856,expresses,both
UBERON:0000966,8216,expresses,both
UBERON:0000966,5094,expresses,both
UBERON:0000966,3491,expresses,both
UBERON:0000966,1047,expresses,both
UBERON:0000966,64219,expresses,both
UBERON:0000966,22907,expresses,both
UBERON:0000966,23193,expresses,both
UBERON:0000966,23473,expresses,both
UBERON:0000966,132789,expresses,both
UBERON:0000966,285440,expresses,both
UBERON:0000966,1471,expresses,both
UBERON:0000966,10370,expresses,both
UBERON:0000966,10692,expresses,both
UBERON:0000966,54555,expresses,both
UBERON:0000966,64714,expresses,both
UBERON:0000966,2896,expresses,both
UBERON:0000966,23197,expresses,both
UBERON:0000966,79947,expresses,both
UBERON:0000966,64855,expresses,both
UBERON:0000966,808,expresses,both
UBERON:0000966,9775,expresses,both
UBERON:0000966,8602,expresses,both
UBERON:0000966,7024,expresses,both
UBERON:0000966,10155,expresses,both
UBERON:0000966,5714,expresses,both
UBERON:0000966,9167,expresses,both
UBERON:0000966,90417,expresses,both
UBERON:0000966,90990,expresses,both
UBERON:0000966,400073,expresses,both
UBERON:0000966,3939,expresses,both
UBERON:0000966,26020,expresses,both
UBERON:0000966,1727,expresses,both
UBERON:0000966,81576,expresses,both
UBERON:0000966,2037,expresses,both
UBERON:0000966,23167,expresses,both
UBERON:0000966,6774,expresses,both
UBERON:0000966,80856,expresses,both
UBERON:0000966,9975,expresses,both
UBERON:0000966,5764,expresses,both
UBERON:0000966,80700,expresses,both
UBERON:0000966,6522,expresses,both
UBERON:0000966,8567,expresses,both
UBERON:0000966,23230,expresses,both
UBERON:0000966,51166,expresses,both
UBERON:0000966,8883,expresses,both
UBERON:0000966,64225,expresses,both
UBERON:0000966,222068,expresses,both
UBERON:0000966,6128,expresses,both
UBERON:0000966,3142,expresses,both
UBERON:0000966,25807,expresses,both
UBERON:0000966,11184,expresses,both
UBERON:0000966,6744,expresses,both
UBERON:0000966,1653,expresses,both
UBERON:0000966,54918,expresses,both
UBERON:0000966,63933,expresses,both
UBERON:0000966,6657,expresses,both
UBERON:0000966,8801,expresses,both
UBERON:0000966,10991,expresses,both
UBERON:0000966,54868,expresses,both
UBERON:0000966,221477,expresses,both
UBERON:0000966,7289,expresses,both
UBERON:0000966,51111,expresses,both
UBERON:0000966,5090,expresses,both
UBERON:0000966,22933,expresses,both
UBERON:0000966,26240,expresses,both
UBERON:0000966,81573,expresses,both
UBERON:0000966,11337,expresses,both
UBERON:0000966,9415,expresses,both
UBERON:0000966,9209,expresses,both
UBERON:0000966,2570,expresses,both
UBERON:0000966,6512,expresses,both
UBERON:0000966,10186,expresses,both
UBERON:0000966,10165,expresses,both
UBERON:0000966,1028,expresses,both
UBERON:0000966,80195,expresses,both
UBERON:0000966,989,expresses,both
UBERON:0000966,93589,expresses,both
UBERON:0000966,57463,expresses,both
UBERON:0000966,8498,expresses,both
UBERON:0000966,58499,expresses,both
UBERON:0000966,58489,expresses,both
UBERON:0000966,2042,expresses,both
UBERON:0000966,1407,expresses,both
UBERON:0000966,100996939,expresses,both
UBERON:0000966,10713,expresses,both
UBERON:0000966,11097,expresses,both
UBERON:0000966,2941,expresses,both
UBERON:0000966,245932,expresses,both
UBERON:0000966,54467,expresses,both
UBERON:0000966,257019,expresses,both
UBERON:0000966,1209,expresses,both
UBERON:0000966,51056,expresses,both
UBERON:0000966,6477,expresses,both
UBERON:0000966,9825,expresses,both
UBERON:0000966,9914,expresses,both
UBERON:0000966,51018,expresses,both
UBERON:0000966,2897,expresses,both
UBERON:0000966,1938,expresses,both
UBERON:0000966,8484,expresses,both
UBERON:0000966,5598,expresses,both
UBERON:0000966,54681,expresses,both
UBERON:0000966,24,expresses,both
UBERON:0000966,55848,expresses,both
UBERON:0000966,57062,expresses,both
UBERON:0000966,169611,expresses,both
UBERON:0000966,81669,expresses,both
UBERON:0000966,116535,expresses,both
UBERON:0000966,9256,expresses,both
UBERON:0000966,5980,expresses,both
UBERON:0000966,158747,expresses,both
UBERON:0000966,6812,expresses,both
UBERON:0000966,23062,expresses,both
UBERON:0000966,56897,expresses,both
UBERON:0000966,130617,expresses,both
UBERON:0000966,284325,expresses,both
UBERON:0000966,51096,expresses,both
UBERON:0000966,5168,expresses,both
UBERON:0000966,7021,expresses,both
UBERON:0000966,3376,expresses,both
UBERON:0000966,124961,expresses,both
UBERON:0000966,10947,expresses,both
UBERON:0000966,3356,expresses,both
UBERON:0000966,2890,expresses,both
UBERON:0000966,5475,expresses,both
UBERON:0000966,1496,expresses,both
UBERON:0000966,6500,expresses,both
UBERON:0000966,84839,expresses,both
UBERON:0000966,7163,expresses,both
UBERON:0000966,84817,expresses,both
UBERON:0000966,3191,expresses,both
UBERON:0000966,80308,expresses,both
UBERON:0000966,64210,expresses,both
UBERON:0000966,5728,expresses,both
UBERON:0000966,9960,expresses,both
UBERON:0000966,23379,expresses,both
UBERON:0000966,7277,expresses,both
UBERON:0000966,1264,expresses,both
UBERON:0000966,55652,expresses,both
UBERON:0000966,9583,expresses,both
UBERON:0000966,55167,expresses,both
UBERON:0000966,51170,expresses,both
UBERON:0000966,51699,expresses,both
UBERON:0000966,10227,expresses,both
UBERON:0000966,7132,expresses,both
UBERON:0000966,728637,expresses,both
UBERON:0000966,23122,expresses,both
UBERON:0000966,535,expresses,both
UBERON:0000966,25943,expresses,both
UBERON:0000966,83723,expresses,both
UBERON:0000966,5916,expresses,both
UBERON:0000966,64979,expresses,both
UBERON:0000966,51667,expresses,both
UBERON:0000966,9337,expresses,both
UBERON:0000966,50618,expresses,both
UBERON:0000966,9961,expresses,both
UBERON:0000966,6449,expresses,both
UBERON:0000966,6832,expresses,both
UBERON:0000966,7070,expresses,both
UBERON:0000966,341405,expresses,both
UBERON:0000966,220,expresses,both
UBERON:0000966,58157,expresses,both
UBERON:0000966,3251,expresses,both
UBERON:0000966,79411,expresses,both
UBERON:0000966,11284,expresses,both
UBERON:0000966,220202,expresses,both
UBERON:0000966,6950,expresses,both
UBERON:0000966,7076,expresses,both
UBERON:0000966,10906,expresses,both
UBERON:0000966,28986,expresses,both
UBERON:0000966,6228,expresses,both
UBERON:0000966,3371,expresses,both
UBERON:0000966,23371,expresses,both
UBERON:0000966,1389,expresses,both
UBERON:0000966,2937,expresses,both
UBERON:0000966,51082,expresses,both
UBERON:0000966,10445,expresses,both
UBERON:0000966,22852,expresses,both
UBERON:0000966,84131,expresses,both
UBERON:0000966,207,expresses,both
UBERON:0000966,29118,expresses,both
UBERON:0000966,23035,expresses,both
UBERON:0000966,23633,expresses,both
UBERON:0000966,57580,expresses,both
UBERON:0000966,7576,expresses,both
UBERON:0000966,10507,expresses,both
UBERON:0000966,5602,expresses,both
UBERON:0000966,6247,expresses,both
UBERON:0000966,257160,expresses,both
UBERON:0000966,7287,expresses,both
UBERON:0000966,7297,expresses,both
UBERON:0000966,23759,expresses,both
UBERON:0000966,11083,expresses,both
UBERON:0000966,133022,expresses,both
UBERON:0000966,1831,expresses,both
UBERON:0000966,2152,expresses,both
UBERON:0000966,197258,expresses,both
UBERON:0000966,81605,expresses,both
UBERON:0000966,2821,expresses,both
UBERON:0000966,4698,expresses,both
UBERON:0000966,5708,expresses,both
UBERON:0000966,493,expresses,both
UBERON:0000966,51747,expresses,both
UBERON:0000966,23424,expresses,both
UBERON:0000966,183,expresses,both
UBERON:0000966,50509,expresses,both
UBERON:0000966,408,expresses,both
UBERON:0000966,6385,expresses,both
UBERON:0000966,171546,expresses,both
DOID:2377,UBERON:0000966,localizes,both
UBERON:0000966,399979,expresses,both
UBERON:0000966,164,expresses,both
UBERON:0000966,6782,expresses,both
UBERON:0000966,7306,expresses,both
UBERON:0000966,81532,expresses,both
UBERON:0000966,80764,expresses,both
UBERON:0000966,7375,expresses,both
UBERON:0000966,10465,expresses,both
UBERON:0000966,147912,expresses,both
UBERON:0000966,252839,expresses,both
UBERON:0000966,8204,expresses,both
UBERON:0000966,55769,expresses,both
UBERON:0000966,84251,expresses,both
UBERON:0000966,400,expresses,both
UBERON:0000966,55161,expresses,both
UBERON:0000966,11281,expresses,both
UBERON:0000966,2182,expresses,both
UBERON:0000966,4653,expresses,both
UBERON:0000966,26119,expresses,both
UBERON:0000966,9575,expresses,both
UBERON:0000966,83860,expresses,both
UBERON:0000966,54629,expresses,both
UBERON:0000966,2202,expresses,both
UBERON:0000966,8500,expresses,both
UBERON:0000966,1351,expresses,both
UBERON:0000966,55967,expresses,both
UBERON:0000966,5589,expresses,both
UBERON:0000966,11196,expresses,both
UBERON:0000966,6285,expresses,both
UBERON:0000966,55748,expresses,both
UBERON:0000966,1975,expresses,both
UBERON:0000966,10715,expresses,both
UBERON:0000966,1488,expresses,both
UBERON:0000966,2271,expresses,both
